ID,String,Draw,Pick,Creator,V1,V2,Watermark,White
1157,____ would be woefully incomplete without ____.,0,2,NULL,f,f,X2,FALSE
90,_____ + _____ = _____.,2,3,NULL,t,t,NULL,FALSE
80,_____ is a slippery slope that leads to _____.,0,2,NULL,t,t,NULL,FALSE
72,_____: Good to the last drop.,0,1,NULL,t,t,NULL,FALSE
74,"_____: kid-tested, mother-approved.",0,1,NULL,t,t,NULL,FALSE
5,_____? There's an app for that.,0,1,NULL,t,t,NULL,FALSE
30,_____. Betcha can't have just one!,0,1,NULL,t,t,NULL,FALSE
32,"_____. High five, bro.",0,1,NULL,t,t,NULL,FALSE
51,_____. It's a trap!,0,1,NULL,t,t,NULL,FALSE
20,_____. That's how I want to die.,0,1,NULL,t,t,NULL,FALSE
21,____: Hours of fun. Easy to use. Perfect for ____!,0,2,NULL,f,f,X3,FALSE
22,"____. Awesome in theory, kind of a mess in practice.",0,1,NULL,f,f,X3,FALSE
328,(I am doing Kegels right now.),,,NULL,t,f,1.1,TRUE
261,72 virgins.,,,NULL,t,t,NULL,TRUE
323,8 oz. of sweet Mexican black-tar heroin.,,,NULL,t,t,NULL,TRUE
1237,A 55-gallon drum of lube.,,,NULL,f,f,X2,TRUE
294,A bag of magic beans.,,,NULL,t,t,NULL,TRUE
16,A balanced breakfast.,,,NULL,t,t,NULL,TRUE
1067,A beached whale.,,,NULL,f,f,X1,TRUE
1066,A big black dick.,,,NULL,f,f,X1,TRUE
450,A big hoopla about nothing.,,,NULL,t,t,NULL,TRUE
1181,"A bigger, blacker dick.",,,NULL,f,f,X2,TRUE
1034,A bitch slap.,,,NULL,f,f,B,TRUE
1365,"A black male in his early 20s, last seen wearing a hoodie.",,,NULL,f,f,X3,TRUE
32,A bleached asshole.,,,NULL,t,t,NULL,TRUE
1068,A bloody pacifier.,,,NULL,f,f,X1,TRUE
1329,A boo-boo.,,,NULL,f,f,X3,TRUE
472,A Bop It™.,,,NULL,f,t,1.2,TRUE
473,A botched circumcision.,,,NULL,f,f,X3,TRUE
317,A brain tumor.,,,NULL,t,t,NULL,TRUE
1254,A Burmese tiger pit.,,,NULL,f,f,X2,TRUE
170,A can of whoop-ass.,,,NULL,t,t,NULL,TRUE
9,"A cartoon camel enjoying the smooth, refreshing taste of a cigarette.",,,NULL,t,f,1.1,TRUE
1313,A cat video so cute that your eyes roll back and your spine slides out of your anus.,,,NULL,f,f,X3,TRUE
89,A clandestine butt scratch.,,,NULL,t,t,NULL,TRUE
185,A cooler full of organs.,,,NULL,t,t,NULL,TRUE
1315,A cop who is also a dog.,,,NULL,f,f,X3,TRUE
1069,A crappy little hand.,,,NULL,f,f,X1,TRUE
494,A death ray.,,,NULL,f,t,1.2,TRUE
474,A defective condom.,,,NULL,f,t,1.2,TRUE
394,A disappointing birthday party.,,,NULL,t,t,NULL,TRUE
1245,A dollop of sour cream.,,,NULL,f,f,X2,TRUE
139,A drive-by shooting.,,,NULL,t,t,NULL,TRUE
61,A falcon with a cap on its head.,,,NULL,t,t,NULL,TRUE
408,A fetus.,,,NULL,t,t,NULL,TRUE
278,A foul mouth.,,,NULL,t,t,NULL,TRUE
402,A gassy antelope.,,,NULL,t,t,NULL,TRUE
488,A gentle caress of the inner thigh.,,,NULL,f,t,1.2,TRUE
245,A good sniff.,,,NULL,t,t,NULL,TRUE
133,A grande sugar-free iced soy caramel macchiato.,,,NULL,t,f,1.1,TRUE
134,A greased-up Matthew McConaughey.,,,NULL,f,f,X3,TRUE
86,A Gypsy curse.,,,NULL,t,t,NULL,TRUE
500,A homoerotic volleyball montage.,,,NULL,f,t,1.2,TRUE
377,A hot mess.,,,NULL,t,t,NULL,TRUE
1363,A lamprey swimming up the toilet and latching onto your taint.,,,NULL,f,f,X3,TRUE
131,A LAN party.,,,NULL,t,f,1.1,TRUE
372,A lifetime of sadness.,,,NULL,t,t,NULL,TRUE
379,A look-see.,,,NULL,t,t,NULL,TRUE
1070,A low standard of living.,,,NULL,f,f,X1,TRUE
1210,A magic hippie love cloud.,,,NULL,f,f,X2,TRUE
1231,A man in yoga pants with a ponytail and feather earrings.,,,NULL,f,f,X2,TRUE
298,A mating display.,,,NULL,t,t,NULL,TRUE
85,A micropenis.,,,NULL,t,t,NULL,TRUE
269,A middle-aged man on roller skates.,,,NULL,t,t,NULL,TRUE
299,A mime having a stroke.,,,NULL,t,t,NULL,TRUE
1030,A Molson muscle.,,,NULL,f,f,CAN,TRUE
186,A moment of silence.,,,NULL,t,t,NULL,TRUE
423,A monkey smoking a cigar.,,,NULL,t,t,NULL,TRUE
477,A mopey zoo lion.,,,NULL,f,t,1.2,TRUE
204,A murder most foul.,,,NULL,t,t,NULL,TRUE
247,A neglected Tamagotchi™.,,,NULL,t,f,1.1,TRUE
1071,A nuanced critique.,,,NULL,f,f,X1,TRUE
1073,A passionate Latino lover.,,,NULL,f,f,X1,TRUE
1074,A pile of squirming bodies.,,,NULL,f,f,X3,TRUE
1187,A piñata full of scorpions.,,,NULL,f,f,X2,TRUE
1188,A PowerPoint presentation.,,,NULL,f,f,X3,TRUE
67,A really cool hat.,,,NULL,t,t,NULL,TRUE
1074,A rival dojo.,,,NULL,f,f,X1,TRUE
390,A robust mongoloid.,,,NULL,t,t,NULL,TRUE
28,"A romantic, candlelit dinner would be incomplete without _____.",0,1,NULL,t,t,NULL,FALSE
1183,A sad fat dragon with no friends.,,,NULL,f,f,X2,TRUE
73,A sad handjob.,,,NULL,t,t,NULL,TRUE
254,A salty surprise.,,,NULL,t,t,NULL,TRUE
135,A sassy black woman.,,,NULL,t,t,NULL,TRUE
104,A sausage festival.,,,NULL,t,t,NULL,TRUE
147,A sea of troubles.,,,NULL,t,t,NULL,TRUE
1246,A slightly shittier parallel universe.,,,NULL,f,f,X2,TRUE
265,A snapping turtle biting the tip of your penis.,,,NULL,t,t,NULL,TRUE
1217,"A soulful rendition of ""Ol' Man River.""",,,NULL,f,f,X2,TRUE
1218,A spontaneous conga line.,,,NULL,f,f,X3,TRUE
1225,A squadron of moles wearing aviator goggles.,,,NULL,f,f,X2,TRUE
312,A stray pube.,,,NULL,t,t,NULL,TRUE
313,A successful job interview begins with a firm handshake and ends with ____.,0,1,NULL,f,f,X3,FALSE
404,A Super Soaker™ full of cat pee.,,,NULL,t,t,NULL,TRUE
1353,A surprising amount of hair.,,,NULL,f,f,X3,TRUE
1219,"A sweaty, panting leather daddy.",,,NULL,f,f,X2,TRUE
1236,A sweet spaceship.,,,NULL,f,f,X2,TRUE
166,A thermonuclear detonation.,,,NULL,t,t,NULL,TRUE
228,A time travel paradox.,,,NULL,t,t,NULL,TRUE
169,A tiny horse.,,,NULL,t,t,NULL,TRUE
1375,A vagina that leads to another dimension.,,,NULL,f,f,X3,TRUE
342,A vajazzled vagina.,,,NULL,t,f,1.1,TRUE
1075,A web of lies.,,,NULL,f,f,X1,TRUE
308,A windmill full of corpses.,,,NULL,t,t,NULL,TRUE
1076,A woman scorned.,,,NULL,f,f,X1,TRUE
148,A zesty breakfast burrito.,,,NULL,t,t,NULL,TRUE
30,Aaron Burr.,,,NULL,t,t,NULL,TRUE
15,Abstinence.,,,NULL,t,f,1.1,TRUE
16,Achieving 500 actions per minute.,,,NULL,f,f,X3,TRUE
17,Action Stations! Action Stations! Set condition one throughout the fleet and brace for ____!,0,1,NULL,f,f,X3,FALSE
455,Active listening.,,,NULL,t,t,NULL,TRUE
1321,"Actually getting shot, for real.",,,NULL,f,f,X3,TRUE
501,Actually taking candy from a baby.,,,NULL,f,t,1.2,TRUE
311,Adderall™.,,,NULL,t,t,NULL,TRUE
301,African children.,,,NULL,t,f,1.1,TRUE
54,"After Hurricane Katrina, Sean Penn brought _____ to all the people of New Orleans.",0,1,NULL,t,f,1.1,FALSE
1170,"After months of debate, the Occupy Wall Street General Assembly could only agree on ""More ____!""",0,1,NULL,f,f,X2,FALSE
1171,"After months of practice with ____, I think I’m finally ready for ____.",0,2,NULL,f,f,X3,FALSE
95,"After the earthquake, Sean Penn brought _____ to the people of Haiti.",0,1,NULL,f,t,1.2,FALSE
87,Agriculture.,,,NULL,t,t,NULL,TRUE
152,AIDS.,,,NULL,t,t,NULL,TRUE
1005,Air Canada guidelines now prohibit ____ on airplanes.,0,1,NULL,f,f,CAN,FALSE
327,Alcoholism.,,,NULL,t,t,NULL,TRUE
1337,All my friends dying.,,,NULL,f,f,X3,TRUE
1199,All of this blood.,,,NULL,f,f,X2,TRUE
198,All-you-can-eat shrimp for $4.99.,,,NULL,t,t,NULL,TRUE
259,Altar boys.,,,NULL,t,t,NULL,TRUE
14,Alternative medicine is now embracing the curative powers of _____.,0,1,NULL,t,t,NULL,FALSE
381,American Gladiators.,,,NULL,t,t,NULL,TRUE
23,Amputees.,,,NULL,t,t,NULL,TRUE
1345,An all-midget production of Shakespeare’s Richard III.,,,NULL,f,f,X3,TRUE
1230,An army of skeletons.,,,NULL,f,f,X2,TRUE
1231,An ass disaster.,,,NULL,f,f,X3,TRUE
295,An asymmetric boob job.,,,NULL,t,t,NULL,TRUE
393,An erection that lasts longer than four hours.,,,NULL,t,t,NULL,TRUE
1235,An ether-soaked rag.,,,NULL,f,f,X2,TRUE
14,An honest cop with nothing left to lose.,,,NULL,t,t,NULL,TRUE
58,An icepick lobotomy.,,,NULL,t,t,NULL,TRUE
1015,An icy handjob from an Edmonton hooker.,,,NULL,f,f,CAN,TRUE
1301,An immediately regrettable $9 hot dog from the Boston Convention Center.,,,NULL,f,f,X3,TRUE
1053,An international tribunal has found ____ guilty of ____.,0,2,NULL,f,f,X1,FALSE
389,An M. Night Shyamalan plot twist.,,,NULL,t,t,NULL,TRUE
102,An Oedipus complex.,,,NULL,t,t,NULL,TRUE
1207,An unhinged ferris wheel rolling toward the sea.,,,NULL,f,f,X2,TRUE
1343,An unstoppable wave of fire ants.,,,NULL,f,f,X3,TRUE
459,Anal beads.,,,NULL,t,t,NULL,TRUE
1063,"And I would have gotten away with it, too, if it hadn't been for ____!",0,1,NULL,f,f,X1,FALSE
78,And the Academy Award for _____ goes to _____.,0,2,NULL,t,t,NULL,FALSE
79,And what did you bring for show and tell?,0,1,NULL,f,f,X3,FALSE
448,Another goddamn vampire movie.,,,NULL,t,t,NULL,TRUE
1223,Another shot of morphine.,,,NULL,f,f,X2,TRUE
18,Anthropologists have recently discovered a primitive tribe that worships _____.,0,1,NULL,t,t,NULL,FALSE
1078,Apologizing.,,,NULL,f,f,X1,TRUE
1079,Appreciative snapping.,,,NULL,f,f,X1,TRUE
59,Arnold Schwarzenegger.,,,NULL,t,t,NULL,TRUE
60,"As part of his contract, Prince won’t perform without ____ in his dressing room.",0,1,NULL,f,f,X3,FALSE
61,"As part of his daily regimen, Anderson Cooper sets aside 15 minutes for ____.",0,1,NULL,f,f,X3,FALSE
326,Asians who aren't good at math.,,,NULL,t,t,NULL,TRUE
213,Assless chaps.,,,NULL,t,t,NULL,TRUE
287,Attitude.,,,NULL,t,t,NULL,TRUE
336,Auschwitz.,,,NULL,t,t,NULL,TRUE
175,Authentic Mexican cuisine.,,,NULL,t,t,NULL,TRUE
3,Autocannibalism.,,,NULL,t,t,NULL,TRUE
431,AXE Body Spray.,,,NULL,t,t,NULL,TRUE
151,Balls.,,,NULL,t,t,NULL,TRUE
454,Bananas in Pajamas.,,,NULL,t,f,1.1,TRUE
384,Barack Obama.,,,NULL,t,t,NULL,TRUE
1253,Basic human decency.,,,NULL,f,f,X2,TRUE
412,BATMAN!!!,,,NULL,t,t,NULL,TRUE
1081,Beating your wives.,,,NULL,f,f,X1,TRUE
1224,Beefin' over turf.,,,NULL,f,f,X2,TRUE
318,Bees?,,,NULL,t,t,NULL,TRUE
1178,"Before ____, all we had was ____.",0,2,NULL,f,f,X2,FALSE
1159,"Before I run for president, I must destroy all evidence of my involvement with ____.",0,1,NULL,f,f,X2,FALSE
s,Being a busy adult with many important things to do.,,,NULL,f,f,X1,TRUE
95,Being a dick to children.,,,NULL,t,t,NULL,TRUE
1082,Being a dinosaur.,,,NULL,f,f,X1,TRUE
194,Being a motherfucking sorcerer.,,,NULL,t,t,NULL,TRUE
1221,Being awesome at sex.,,,NULL,f,f,X2,TRUE
1011,Being Canadian.,,,NULL,f,f,CAN,TRUE
347,Being fabulous.,,,NULL,t,t,NULL,TRUE
26,Being marginalized.,,,NULL,t,t,NULL,TRUE
340,Being on fire.,,,NULL,t,t,NULL,TRUE
109,Being rich.,,,NULL,t,t,NULL,TRUE
331,Bestiality.,,,NULL,t,f,1.1,TRUE
1367,"Bill Clinton, naked on a bearskin rug with a saxophone.",,,NULL,f,f,X3,TRUE
304,Bill Nye the Science Guy.,,,NULL,t,t,NULL,TRUE
35,BILLY MAYS HERE FOR _____.,0,1,NULL,t,t,NULL,FALSE
45,Bingeing and purging.,,,NULL,t,t,NULL,TRUE
305,Bitches.,,,NULL,t,t,NULL,TRUE
413,Black people.,,,NULL,t,t,NULL,TRUE
88,Bling.,,,NULL,t,t,NULL,TRUE
89,Blood farts.,,,NULL,f,f,X3,TRUE
1381,Blowing some dudes in an alley.,,,NULL,f,f,X3,TRUE
369,Booby-trapping the house to foil burglars.,,,NULL,t,t,NULL,TRUE
471,Boogers.,,,NULL,f,t,1.2,TRUE
1240,Boris the Soviet Love Hammer.,,,NULL,f,f,X2,TRUE
1084,Bosnian chicken farmers.,,,NULL,f,f,X1,TRUE
466,Breaking out into song and dance.,,,NULL,f,t,1.2,TRUE
199,Britney Spears at 55.,,,NULL,t,t,NULL,TRUE
1226,Bullshit.,,,NULL,f,f,X2,TRUE
1023,Burning down the White House.,,,NULL,f,f,CAN,TRUE
57,"But before I kill you, Mr. Bond, I must show you _____.",0,1,NULL,t,t,NULL,FALSE
1357,Buying the right pants to be cool.,,,NULL,f,f,X3,TRUE
1358,"Call the law offices of Goldstein & Goldstein, because no one should have to tolerate ____ in the workplace.",0,1,NULL,f,f,X3,FALSE
1021,Canada: America's Hat.,,,NULL,f,f,CAN,TRUE
203,Cards Against Humanity.,,,NULL,t,t,NULL,TRUE
1086,Carnies.,,,NULL,f,f,X1,TRUE
1303,Casting Magic Missle at a bully.,,,NULL,f,f,X3,TRUE
142,Catapults.,,,NULL,t,t,NULL,TRUE
1184,Catastrophic urethral trauma.,,,NULL,f,f,X2,TRUE
430,Centaurs.,,,NULL,t,t,NULL,TRUE
52,Chainsaws for hands.,,,NULL,t,t,NULL,TRUE
1177,Charades was ruined for me forever when my mom had to act out ____.,0,1,NULL,f,f,X2,FALSE
1178,Charging up all the way.,,,NULL,f,f,X3,TRUE
464,Charisma.,,,NULL,f,t,1.2,TRUE
47,Cheating in the Special Olympics.,,,NULL,t,t,NULL,TRUE
184,Child abuse.,,,NULL,t,t,NULL,TRUE
429,Child beauty pageants.,,,NULL,t,t,NULL,TRUE
434,Children on leashes.,,,NULL,t,t,NULL,TRUE
107,Chivalry.,,,NULL,t,t,NULL,TRUE
149,Christopher Walken.,,,NULL,t,t,NULL,TRUE
1333,Chugging a lava lamp.,,,NULL,f,f,X3,TRUE
1036,Chunks of dead prostitute.,,,NULL,f,f,B,TRUE
468,Chutzpah.,,,NULL,f,t,1.2,TRUE
337,Civilian casualties.,,,NULL,t,t,NULL,TRUE
1077,Clams.,,,NULL,f,f,X1,TRUE
368,Classist undertones.,,,NULL,t,t,NULL,TRUE
1,Coat hanger abortions.,,,NULL,t,t,NULL,TRUE
2,Cock.,,,NULL,f,f,X3,TRUE
320,Cockfights.,,,NULL,t,t,NULL,TRUE
113,College.,,,NULL,t,t,NULL,TRUE
52,"Coming to Broadway this season, _____: The Musical.",0,1,NULL,t,t,NULL,FALSE
18,Concealing a boner.,,,NULL,t,t,NULL,TRUE
92,Consultants.,,,NULL,t,t,NULL,TRUE
120,Cookie Monster devouring the Eucharist wafers.,,,NULL,t,f,1.1,TRUE
417,Copping a feel.,,,NULL,t,t,NULL,TRUE
1087,Coughing into a vagina.,,,NULL,f,f,X1,TRUE
111,Count Chocula.,,,NULL,t,t,NULL,TRUE
310,Crippling debt.,,,NULL,t,f,1.1,TRUE
289,Crumpets with the Queen.,,,NULL,t,t,NULL,TRUE
290,Crying into the pages of Sylvia Plath.,,,NULL,f,f,X3,TRUE
503,Crystal meth.,,,NULL,f,t,1.2,TRUE
1007,"CTV presents ____, the story of ____.",0,2,NULL,f,f,CAN,FALSE
29,Cuddling.,,,NULL,t,t,NULL,TRUE
491,Customer service representatives.,,,NULL,f,t,1.2,TRUE
446,Cybernetic enhancements.,,,NULL,t,t,NULL,TRUE
208,Daddy issues.,,,NULL,t,t,NULL,TRUE
1032,"Daddy, why is Mommy crying?",0,1,NULL,f,f,B,FALSE
1190,Daddy's belt.,,,NULL,f,f,X2,TRUE
1089,Dancing with a broom.,,,NULL,f,f,X1,TRUE
232,Darth Vader.,,,NULL,t,t,NULL,TRUE
352,Date rape.,,,NULL,t,t,NULL,TRUE
158,Dave Matthews Band.,,,NULL,t,f,1.1,TRUE
426,Dead babies.,,,NULL,t,t,NULL,TRUE
296,Dead parents.,,,NULL,t,t,NULL,TRUE
92,"Dear Abby, I'm having some trouble with _____ and would like your advice.",0,1,NULL,f,t,1.2,FALSE
1047,"Dear Sir or Madam, We regret to inform you that the Office of ____ has denied your request for ____.",0,2,NULL,f,f,X1,FALSE
1255,Death by Steven Seagal.,,,NULL,f,f,X2,TRUE
1090,Deflowering the princess.,,,NULL,f,f,X1,TRUE
1091,Demonic possession.,,,NULL,f,f,X3,TRUE
171,Dental dams.,,,NULL,t,t,NULL,TRUE
125,Dick Cheney.,,,NULL,t,t,NULL,TRUE
364,Dick fingers.,,,NULL,t,t,NULL,TRUE
1222,"Dining with cardboard cutouts of the cast of ""Friends.""",,,NULL,f,f,X2,TRUE
1223,Disco fever.,,,NULL,f,f,X3,TRUE
373,Doin' it in the butt.,,,NULL,t,t,NULL,TRUE
7,Doing the right thing.,,,NULL,t,t,NULL,TRUE
267,Domino's™ Oreo™ Dessert Pizza.,,,NULL,t,t,NULL,TRUE
1022,Don Cherry's wardrobe.,,,NULL,f,f,CAN,TRUE
285,Donald Trump.,,,NULL,t,f,1.1,TRUE
1091,Dorito breath.,,,NULL,f,f,X1,TRUE
1191,Double penetration.,,,NULL,f,f,X2,TRUE
273,Douchebags on their iPhones.,,,NULL,t,f,1.1,TRUE
179,Drinking alone.,,,NULL,t,t,NULL,TRUE
180,Drinking ten 5-hour ENERGYs to get fifty continuous hours of energy.,,,NULL,f,f,X3,TRUE
225,Dropping a chandelier on your enemies and riding the rope up.,,,NULL,t,t,NULL,TRUE
333,Drum circles.,,,NULL,t,f,1.1,TRUE
456,Dry heaving.,,,NULL,t,t,NULL,TRUE
55,"Due to a PR fiasco, Walmart no longer offers _____.",0,1,NULL,t,f,1.1,FALSE
56,During high school I never really fit in until I found ____ club.,0,1,NULL,f,f,X3,FALSE
1156,"During his midlife crisis, my dad got really into ____.",0,1,NULL,f,f,X2,FALSE
13,"During Picasso's often-overlooked Brown Period, he produced hundreds of paintings of _____.",0,1,NULL,t,t,NULL,FALSE
33,"During sex, I like to think about _____.",0,1,NULL,t,t,NULL,FALSE
438,Dwarf tossing.,,,NULL,t,t,NULL,TRUE
439,Dying alone and in pain.,,,NULL,f,f,X3,TRUE
70,Dying of dysentery.,,,NULL,t,t,NULL,TRUE
63,Dying.,,,NULL,t,t,NULL,TRUE
264,Eastern European Turbo-Folk music.,,,NULL,t,f,1.1,TRUE
103,Eating all of the cookies before the AIDS bake-sale.,,,NULL,t,t,NULL,TRUE
1092,Eating an albino.,,,NULL,f,f,X1,TRUE
231,Eating the last known bison.,,,NULL,t,t,NULL,TRUE
232,Eating Tom Selleck’s mustache to gain his powers.,,,NULL,f,f,X3,TRUE
196,Edible underpants.,,,NULL,t,t,NULL,TRUE
36,Elderly Japanese men.,,,NULL,t,t,NULL,TRUE
490,Embryonic stem cells.,,,NULL,f,t,1.2,TRUE
118,Emotions.,,,NULL,t,t,NULL,TRUE
1093,Enormous Scandinavian women.,,,NULL,f,f,X1,TRUE
480,Erectile dysfunction.,,,NULL,f,t,1.2,TRUE
359,Estrogen.,,,NULL,t,t,NULL,TRUE
46,Ethnic cleansing.,,,NULL,t,t,NULL,TRUE
244,Eugenics.,,,NULL,t,t,NULL,TRUE
486,Euphoria™ by Calvin Klein.,,,NULL,f,t,1.2,TRUE
1174,Everyone down on the ground! We don't want to hurt anyone. We're just here for ____.,0,1,NULL,f,f,X2,FALSE
496,Exactly what you'd expect.,,,NULL,f,t,1.2,TRUE
344,Exchanging pleasantries.,,,NULL,t,t,NULL,TRUE
1186,Existing.,,,NULL,f,f,X2,TRUE
473,Expecting a burp and vomiting on the floor.,,,NULL,f,t,1.2,TRUE
283,Explosions.,,,NULL,t,t,NULL,TRUE
1039,Extremely tight pants.,,,NULL,f,f,B,TRUE
1094,Fabricating statistics.,,,NULL,f,f,X1,TRUE
424,Faith healing.,,,NULL,t,f,1.1,TRUE
419,Famine.,,,NULL,t,t,NULL,TRUE
192,Fancy Feast®.,,,NULL,t,t,NULL,TRUE
117,Farting and walking away.,,,NULL,t,t,NULL,TRUE
38,Fear itself.,,,NULL,t,t,NULL,TRUE
172,Feeding Rosie O'Donnell.,,,NULL,t,t,NULL,TRUE
1249,Fetal alcohol syndrome.,,,NULL,f,f,X2,TRUE
202,Fiery poops.,,,NULL,t,t,NULL,TRUE
154,Figgy pudding.,,,NULL,t,t,NULL,TRUE
155,Filling every orifice with butterscotch pudding.,,,NULL,f,f,X3,TRUE
156,Finally! A service that delivers ____ right to your door.,0,1,NULL,f,f,X3,FALSE
1095,Finding a skeleton.,,,NULL,f,f,X1,TRUE
1204,Finding Waldo.,,,NULL,f,f,X2,TRUE
420,Finger painting.,,,NULL,t,t,NULL,TRUE
35,Fingering.,,,NULL,t,t,NULL,TRUE
1305,Firefly: Season 2.,,,NULL,f,f,X3,TRUE
484,Firing a rifle into the air while balls deep in a squealing hog.,,,NULL,f,t,1.2,TRUE
485,Fisting.,,,NULL,f,f,X3,TRUE
145,Five-Dollar Footlongs™.,,,NULL,t,t,NULL,TRUE
68,Flash flooding.,,,NULL,t,t,NULL,TRUE
69,Flavored condoms.,,,NULL,t,f,1.1,TRUE
183,Flesh-eating bacteria.,,,NULL,t,t,NULL,TRUE
5,Flightless birds.,,,NULL,t,t,NULL,TRUE
1341,Flying robots that kill people.,,,NULL,f,f,X3,TRUE
461,Flying sex snakes.,,,NULL,f,t,1.2,TRUE
79,"For my next trick, I will pull _____ out of _____.",0,2,NULL,t,t,NULL,FALSE
62,Foreskin.,,,NULL,t,t,NULL,TRUE
260,Forgetting the Alamo.,,,NULL,t,t,NULL,TRUE
1393,"Forgetting to eat, and consequently dying.",,,NULL,f,f,X3,TRUE
25,Former President George W. Bush.,,,NULL,t,t,NULL,TRUE
272,Free samples.,,,NULL,t,t,NULL,TRUE
150,Friction.,,,NULL,t,t,NULL,TRUE
242,Friendly fire.,,,NULL,t,t,NULL,TRUE
81,Friends who eat all the snacks.,,,NULL,t,t,NULL,TRUE
161,Friends with benefits.,,,NULL,t,t,NULL,TRUE
290,Frolicking.,,,NULL,t,t,NULL,TRUE
1211,Fuck Mountain.,,,NULL,f,f,X2,TRUE
214,Full frontal nudity.,,,NULL,t,t,NULL,TRUE
1096,Gandalf.,,,NULL,f,f,X1,TRUE
157,Gandhi.,,,NULL,t,t,NULL,TRUE
177,Garth Brooks.,,,NULL,t,f,1.1,TRUE
1317,Gay aliens.,,,NULL,f,f,X3,TRUE
94,Geese.,,,NULL,t,t,NULL,TRUE
1097,Genetically engineered super-soldiers.,,,NULL,f,f,X1,TRUE
174,Genghis Khan.,,,NULL,t,t,NULL,TRUE
34,Genital piercings.,,,NULL,t,t,NULL,TRUE
1098,George Clooney's musk.,,,NULL,f,f,X1,TRUE
44,German dungeon porn.,,,NULL,t,t,NULL,TRUE
1099,Getting abducted by Peter Pan.,,,NULL,f,f,X1,TRUE
1100,Getting bitch slapped by Dhalsim.,,,NULL,f,f,X3,TRUE
388,Getting drunk on mouthwash.,,,NULL,t,t,NULL,TRUE
1214,Getting hilariously gang-banged by the Blue Man Group.,,,NULL,f,f,X2,TRUE
1100,"Getting in her pants, politely.",,,NULL,f,f,X1,TRUE
1389,Getting inside the Horadric Cube with a hot babe and pressing the transmute button.,,,NULL,f,f,X3,TRUE
463,Getting naked and watching Nickelodeon.,,,NULL,f,t,1.2,TRUE
280,Getting really high.,,,NULL,t,t,NULL,TRUE
399,Getting so angry that you pop a boner.,,,NULL,t,t,NULL,TRUE
1377,Getting your dick stuck in a Chinese finger trap with another dick.,,,NULL,f,f,X3,TRUE
453,Ghosts.,,,NULL,t,t,NULL,TRUE
454,Girls that always be textin’.,,,NULL,f,f,X3,TRUE
182,Giving 110%.,,,NULL,t,t,NULL,TRUE
1101,Gladiatorial combat.,,,NULL,f,f,X1,TRUE
366,Glenn Beck being harried by a swarm of buzzards.,,,NULL,t,t,NULL,TRUE
449,Glenn Beck catching his scrotum on a curtain hook.,,,NULL,t,t,NULL,TRUE
20,Glenn Beck convulsively vomiting as a brood of crab spiders hatches in his brain and erupts from his tear ducts.,,,NULL,t,t,NULL,TRUE
116,Global warming.,,,NULL,t,t,NULL,TRUE
236,Gloryholes.,,,NULL,t,t,NULL,TRUE
422,Goats eating coins.,,,NULL,t,t,NULL,TRUE
57,Goblins.,,,NULL,t,t,NULL,TRUE
239,God.,,,NULL,t,t,NULL,TRUE
354,GoGurt®.,,,NULL,t,t,NULL,TRUE
355,Going around punching people.,,,NULL,f,f,X3,TRUE
385,Golden showers.,,,NULL,t,t,NULL,TRUE
1102,Good grammar.,,,NULL,f,f,X1,TRUE
416,Grandma.,,,NULL,t,t,NULL,TRUE
1252,Grandpa's ashes.,,,NULL,f,f,X2,TRUE
1248,"Graphic violence, adult language, and some sexual content.",,,NULL,f,f,X2,TRUE
325,Grave robbing.,,,NULL,t,t,NULL,TRUE
230,Guys who don't call.,,,NULL,t,t,NULL,TRUE
271,Half-assed foreplay.,,,NULL,t,t,NULL,TRUE
435,Harry Potter erotica.,,,NULL,t,t,NULL,TRUE
307,Have some more kugel.,,,NULL,t,f,1.1,TRUE
308,Having problems with ____? Try ____!,0,2,NULL,f,f,X3,FALSE
309,Having sex on top of a pizza.,,,NULL,f,f,X3,TRUE
310,Having shotguns for legs.,,,NULL,f,f,X3,TRUE
1045,He who controls ____ controls the world.,0,1,NULL,f,f,X1,FALSE
77,Heartwarming orphans.,,,NULL,t,t,NULL,TRUE
100,Heath Ledger.,,,NULL,t,f,1.1,TRUE
309,"Her Royal Highness, Queen Elizabeth II.",,,NULL,t,t,NULL,TRUE
1024,Heritage minutes.,,,NULL,f,f,CAN,TRUE
49,Heteronormativity.,,,NULL,t,t,NULL,TRUE
50,"Hey baby, come back to my place and I’ll show you ____.",0,1,NULL,f,f,X3,FALSE
1185,Hillary Clinton's death stare.,,,NULL,f,f,X2,TRUE
1103,Hipsters.,,,NULL,f,f,X1,TRUE
1104,Historical revisionism.,,,NULL,f,f,X1,TRUE
75,Historically black colleges.,,,NULL,t,t,NULL,TRUE
482,Home video of Oprah sobbing into a Lean Cuisine®.,,,NULL,f,t,1.2,TRUE
234,Homeless people.,,,NULL,t,t,NULL,TRUE
1025,Homo milk.,,,NULL,f,f,CAN,TRUE
322,Hope.,,,NULL,t,t,NULL,TRUE
60,Hormone injections.,,,NULL,t,t,NULL,TRUE
470,Horrifying laser hair removal accidents.,,,NULL,f,t,1.2,TRUE
33,Horse meat.,,,NULL,t,t,NULL,TRUE
476,Hot cheese.,,,NULL,f,t,1.2,TRUE
415,Hot people.,,,NULL,t,t,NULL,TRUE
229,Hot Pockets®.,,,NULL,t,t,NULL,TRUE
50,How am I maintaining my relationship status?,0,1,NULL,t,t,NULL,FALSE
215,Hulk Hogan.,,,NULL,t,t,NULL,TRUE
8,Hunting accidents.,,,NULL,t,f,1.1,TRUE
274,Hurricane Katrina.,,,NULL,t,t,NULL,TRUE
68,"I do not know with which weapons World War III will be fought, but World War IV will be fought with _____.",0,1,NULL,t,t,NULL,FALSE
11,I drink to forget _____.,0,1,NULL,t,t,NULL,FALSE
2,I got 99 problems but _____ ain't one.,0,1,NULL,t,t,NULL,FALSE
3,"I have an idea even better than Kickstarter, and it’s called ____starter.",0,1,NULL,f,f,X3,FALSE
1051,I learned the hard way that you can't cheer up a grieving friend with ____.,0,1,NULL,f,f,X1,FALSE
85,I never truly understood _____ until I encountered _____.,0,2,NULL,t,t,NULL,FALSE
1171,"I spent my whole life working toward ____, only to have it ruined by ____.",0,2,NULL,f,f,X2,FALSE
1164,"I went from ____ to ____, all thanks to ____.",2,3,NULL,f,f,X2,FALSE
23,I wish I hadn't lost the instruction manual for _____.,0,1,NULL,t,f,1.1,FALSE
12,"I'm sorry, Professor, but I couldn't complete my homework because of _____.",0,1,NULL,t,t,NULL,FALSE
13,I’m not like the rest of you. I’m too rich and busy for ____.,0,1,NULL,f,f,X3,FALSE
1168,"If God didn't want us to enjoy ____, he wouldn't have given us ____.",0,2,NULL,f,f,X2,FALSE
428,Impotence.,,,NULL,t,f,1.1,TRUE
26,"In 1,000 years, when paper money is but a distant memory, _____ will be our currency.",0,1,NULL,t,t,NULL,FALSE
1060,"In a pinch, ____ can be a suitable substitute for ____.",0,2,NULL,f,f,X1,FALSE
82,"In a world ravaged by _____, our only solace is _____.",0,2,NULL,t,t,NULL,FALSE
1006,"In an attempt to reach a wider audience, the Royal Ontario Museum has opened an interactive exhibit on ____.",0,1,NULL,f,f,CAN,FALSE
65,"In an attempt to reach a wider audience, the Smithsonian Museum of Natural History has opened an interactive exhibit on _____.",0,1,NULL,t,t,NULL,FALSE
1055,"In his new self-produced album, Kanye West raps over the sounds of ____.",0,1,NULL,f,f,X1,FALSE
83,"In his new summer comedy, Rob Schneider is _____ trapped in the body of _____.",0,2,NULL,t,f,1.1,FALSE
1161,"In his newest and most difficult stunt, David Blaine must escape from ____.",0,1,NULL,f,f,X2,FALSE
1052,"In its new tourism campaign, Detroit proudly proclaims that it has finally eliminated ____.",0,1,NULL,f,f,X1,FALSE
94,"In L.A. County Jail, word is you can trade 200 cigarettes for _____.",0,1,NULL,f,t,1.2,FALSE
81,"In M. Night Shyamalan's new movie, Bruce Willis discovers that _____ had really been _____ all along.",0,2,NULL,t,t,NULL,FALSE
64,"In Michael Jackson's final moments, he thought about _____.",0,1,NULL,t,t,NULL,FALSE
1048,"In Rome, there are whisperings that the Vatican has a secret room devoted to ____.",0,1,NULL,f,f,X1,FALSE
1059,"In the distant future, historians will agree that ____ marked the beginning of America's decline.",0,1,NULL,f,f,X1,FALSE
1060,"In the final round of this year’s Omegathon, Omeganauts must face off in a game of ____.",0,1,NULL,f,f,X3,FALSE
21,"In the new Disney Channel Original Movie, Hannah Montana struggles with _____ for the first time.",0,1,NULL,t,t,NULL,FALSE
22,"In the seventh circle of Hell, sinners must endure ____ for all eternity.",0,1,NULL,f,f,X3,FALSE
338,Inappropriate yelling.,,,NULL,t,f,1.1,TRUE
499,Inappropriate yodeling.,,,NULL,f,t,1.2,TRUE
324,Incest.,,,NULL,t,t,NULL,TRUE
1335,Indescribable loneliness.,,,NULL,f,f,X3,TRUE
1105,Insatiable bloodlust.,,,NULL,f,f,X1,TRUE
24,"Instead of coal, Santa now gives the bad children _____.",0,1,NULL,t,t,NULL,FALSE
240,Intelligent design.,,,NULL,t,t,NULL,TRUE
1218,Intimacy problems.,,,NULL,f,f,X2,TRUE
19,It's a pity that kids these days are all getting involved with _____.,0,1,NULL,t,t,NULL,FALSE
306,Italians.,,,NULL,t,t,NULL,TRUE
1106,Jafar.,,,NULL,f,f,X1,TRUE
1107,Jean-Claude Van Damme.,,,NULL,f,f,X1,TRUE
1215,Jeff Goldblum.,,,NULL,f,f,X2,TRUE
279,Jerking off into a pool of children's tears.,,,NULL,t,t,NULL,TRUE
66,Jew-fros.,,,NULL,t,t,NULL,TRUE
195,Jewish fraternities.,,,NULL,t,t,NULL,TRUE
502,Jibber-jabber.,,,NULL,f,t,1.2,TRUE
1307,Jiggle physics.,,,NULL,f,f,X3,TRUE
442,John Wilkes Booth.,,,NULL,t,t,NULL,TRUE
355,Judge Judy.,,,NULL,t,t,NULL,TRUE
356,Judging elves by the color of their skin and not by the content of their character.,,,NULL,f,f,X3,TRUE
357,Jumping out at people.,,,NULL,f,f,X3,TRUE
1108,Just the tip.,,,NULL,f,f,X1,TRUE
329,Justin Bieber.,,,NULL,t,t,NULL,TRUE
457,Kamikaze pilots.,,,NULL,t,t,NULL,TRUE
432,Kanye West.,,,NULL,t,t,NULL,TRUE
178,Keanu Reeves.,,,NULL,t,t,NULL,TRUE
188,Keeping Christ in Christmas.,,,NULL,t,f,1.1,TRUE
243,Keg stands.,,,NULL,t,t,NULL,TRUE
334,Kids with ass cancer.,,,NULL,t,t,NULL,TRUE
321,Kim Jong-il.,,,NULL,t,t,NULL,TRUE
348,Lactation.,,,NULL,t,t,NULL,TRUE
493,Lady Gaga.,,,NULL,f,t,1.2,TRUE
437,Lance Armstrong's missing testicle.,,,NULL,t,t,NULL,TRUE
146,Land mines.,,,NULL,t,t,NULL,TRUE
28,Laying an egg.,,,NULL,t,t,NULL,TRUE
126,Leaving an awkward voicemail.,,,NULL,t,t,NULL,TRUE
316,Leprosy.,,,NULL,t,t,NULL,TRUE
1373,Letting everyone down.,,,NULL,f,f,X3,TRUE
123,Letting yourself go.,,,NULL,t,f,1.1,TRUE
1110,Leveling up.,,,NULL,f,f,X1,TRUE
253,Licking things to claim them as your own.,,,NULL,t,t,NULL,TRUE
98,Life for American Indians was forever changed when the White Man introduced them to _____.,0,1,NULL,f,t,1.2,FALSE
69,Life was difficult for cavemen before _____.,0,1,NULL,t,f,1.1,FALSE
87,"Lifetime® presents _____, the story of _____.",0,2,NULL,t,t,NULL,FALSE
88,"Listen, son. If you want to get involved with ____, I won’t stop you. Just steer clear of ____.",0,2,NULL,f,f,X3,FALSE
1111,Literally eating shit.,,,NULL,f,f,X1,TRUE
1167,"Little Miss Muffet Sat on a tuffet, Eating her curds and ____.",0,1,NULL,f,f,X2,FALSE
1208,Living in a trashcan.,,,NULL,f,f,X2,TRUE
1209,Loading from a previous save.,,,NULL,f,f,X3,TRUE
246,Lockjaw.,,,NULL,t,t,NULL,TRUE
1200,"Loki, the trickster god.",,,NULL,f,f,X2,TRUE
335,Loose lips.,,,NULL,t,t,NULL,TRUE
336,Lovin’ you is easy ’cause you’re ____.,0,1,NULL,f,f,X3,FALSE
356,Lumberjack fantasies.,,,NULL,t,t,NULL,TRUE
440,Lunchables™.,,,NULL,t,t,NULL,TRUE
1109,Mad hacky-sack skills.,,,NULL,f,f,X1,TRUE
46,Major League Baseball has banned _____ for giving players an unfair advantage.,0,1,NULL,t,t,NULL,FALSE
86,Make a haiku.,2,3,NULL,t,t,NULL,FALSE
1216,Making a friend.,,,NULL,f,f,X2,TRUE
51,Making a pouty face.,,,NULL,t,t,NULL,TRUE
43,Making sex at her.,,,NULL,t,f,1.1,TRUE
1112,Making the penises kiss.,,,NULL,f,f,X1,TRUE
2,Man meat.,,,NULL,t,t,NULL,TRUE
156,Marky Mark and the Funky Bunch.,,,NULL,t,f,1.1,TRUE
129,Masturbation.,,,NULL,t,t,NULL,TRUE
439,Mathletes.,,,NULL,t,t,NULL,TRUE
91,Maybe she's born with it. Maybe it's _____.,0,1,NULL,f,t,1.2,FALSE
205,Me time.,,,NULL,t,t,NULL,TRUE
1213,Me.,,,NULL,f,f,X2,TRUE
462,MechaHitler.,,,NULL,f,t,1.2,TRUE
1113,Media coverage.,,,NULL,f,f,X1,TRUE
1114,Medieval Times® Dinner & Tournament.,,,NULL,f,f,X1,TRUE
1165,Members of New York's social elite are paying thousands of dollars just to experience ____.,0,1,NULL,f,f,X2,FALSE
74,Men.,,,NULL,t,t,NULL,TRUE
219,Menstruation.,,,NULL,t,t,NULL,TRUE
1062,Michael Bay's new three-hour action epic pits ____ against ____.,0,2,NULL,f,f,X1,FALSE
105,Michael Jackson.,,,NULL,t,t,NULL,TRUE
282,Michelle Obama's arms.,,,NULL,t,t,NULL,TRUE
1232,Mild autism.,,,NULL,f,f,X2,TRUE
1233,"Money can’t buy me love, but it can buy me ____.",0,1,NULL,f,f,X3,FALSE
1188,Mooing.,,,NULL,f,f,X2,TRUE
1115,Moral ambiguity.,,,NULL,f,f,X1,TRUE
465,Morgan Freeman's voice.,,,NULL,f,t,1.2,TRUE
17,Mountain Dew Code Red.,,,NULL,t,f,1.1,TRUE
302,Mouth herpes.,,,NULL,t,t,NULL,TRUE
444,"Mr. Clean, right behind you.",,,NULL,t,t,NULL,TRUE
1010,Mr. Dressup.,,,NULL,f,f,CAN,TRUE
383,Mr. Snuffleupagus.,,,NULL,t,f,1.1,TRUE
10,MTV's new reality show features eight washed-up celebrities living with _____.,0,1,NULL,t,t,NULL,FALSE
11,Mufasa’s death scene.,,,NULL,f,f,X3,TRUE
405,Muhammed (Praise Be Unto Him).,,,NULL,t,t,NULL,TRUE
445,Multiple stab wounds.,,,NULL,t,t,NULL,TRUE
99,Mutually-assured destruction.,,,NULL,t,t,NULL,TRUE
110,Muzzy.,,,NULL,t,f,1.1,TRUE
268,My collection of high-tech sex toys.,,,NULL,t,t,NULL,TRUE
1169,"My country, 'tis of thee, sweet land of ____.",0,1,NULL,f,f,X2,FALSE
1247,My first kill.,,,NULL,f,f,X2,TRUE
351,My genitals.,,,NULL,t,t,NULL,TRUE
352,My gym teacher got fired for adding ____ to the obstacle course.,0,1,NULL,f,f,X3,FALSE
93,My humps.,,,NULL,t,t,NULL,TRUE
504,My inner demons.,,,NULL,f,t,1.2,TRUE
505,My life is ruled by a vicious cycle of ____ and ____.,0,2,NULL,f,f,X3,FALSE
1116,My machete.,,,NULL,f,f,X1,TRUE
1371,"My manservant, Claude.",,,NULL,f,f,X3,TRUE
1163,My mom freaked out when she looked at my browser history and found ____.com/____.,0,2,NULL,f,f,X2,FALSE
1158,"My new favorite porn star is Joey ""____"" McGee.",0,1,NULL,f,f,X2,FALSE
345,My relationship status.,,,NULL,t,t,NULL,TRUE
257,My sex life.,,,NULL,t,t,NULL,TRUE
256,My soul.,,,NULL,t,t,NULL,TRUE
506,My vagina.,,,NULL,f,t,1.2,TRUE
1026,Naked News.,,,NULL,f,f,CAN,TRUE
210,Natalie Portman.,,,NULL,t,t,NULL,TRUE
497,Natural male enhancement.,,,NULL,f,t,1.2,TRUE
128,Natural selection.,,,NULL,t,t,NULL,TRUE
391,Nazis.,,,NULL,t,t,NULL,TRUE
114,Necrophilia.,,,NULL,t,t,NULL,TRUE
1080,Neil Patrick Harris.,,,NULL,f,f,X1,TRUE
370,New Age music.,,,NULL,t,t,NULL,TRUE
1017,Newfies.,,,NULL,f,f,CAN,TRUE
29,Next from J.K. Rowling: Harry Potter and the Chamber of _____.,0,1,NULL,t,t,NULL,FALSE
96,"Next on ESPN2, the World Series of _____.",0,1,NULL,f,t,1.2,FALSE
1172,Next time on Dr. Phil: How to talk to your child about ____.,0,1,NULL,f,f,X2,FALSE
48,Nickelback.,,,NULL,t,t,NULL,TRUE
485,Nicolas Cage.,,,NULL,f,t,1.2,TRUE
212,Nipple blades.,,,NULL,t,t,NULL,TRUE
207,Nocturnal emissions.,,,NULL,t,t,NULL,TRUE
208,Not contributing to society in any meaningful way.,,,NULL,f,f,X3,TRUE
380,Not giving a shit about the Third World.,,,NULL,t,t,NULL,TRUE
381,Not having sex.,,,NULL,f,f,X3,TRUE
349,Not reciprocating oral sex.,,,NULL,t,t,NULL,TRUE
350,Nothing.,,,NULL,f,f,X3,TRUE
1085,Nubile slave boys.,,,NULL,f,f,X1,TRUE
1233,Nunchuck moves.,,,NULL,f,f,X2,TRUE
1004,"O Canada, we stand on guard for ____.",0,1,NULL,f,f,CAN,FALSE
409,Obesity.,,,NULL,t,t,NULL,TRUE
56,Object permanence.,,,NULL,t,t,NULL,TRUE
173,Old-people smell.,,,NULL,t,t,NULL,TRUE
1118,Ominous background music.,,,NULL,f,f,X1,TRUE
1244,Oncoming traffic.,,,NULL,f,f,X2,TRUE
1251,One Ring to rule them all.,,,NULL,f,f,X2,TRUE
1117,One thousand Slim Jims.,,,NULL,f,f,X1,TRUE
1035,One trillion dollars.,,,NULL,f,f,B,TRUE
1173,Only two things in life are certain: death and ____.,0,1,NULL,f,f,X2,FALSE
411,Oompa-Loompas.,,,NULL,t,t,NULL,TRUE
132,Opposable thumbs.,,,NULL,t,t,NULL,TRUE
303,Overcompensation.,,,NULL,t,t,NULL,TRUE
1119,Overpowering your father.,,,NULL,f,f,X1,TRUE
176,Oversized lollipops.,,,NULL,t,t,NULL,TRUE
266,Pabst Blue Ribbon.,,,NULL,t,t,NULL,TRUE
505,Pac-Man uncontrollably guzzling cum.,,,NULL,f,t,1.2,TRUE
141,Panda sex.,,,NULL,t,t,NULL,TRUE
1072,Panty raids.,,,NULL,f,f,X1,TRUE
425,Parting the Red Sea.,,,NULL,t,t,NULL,TRUE
96,Party poopers.,,,NULL,t,t,NULL,TRUE
361,Passable transvestites.,,,NULL,t,t,NULL,TRUE
314,Passing a kidney stone.,,,NULL,t,t,NULL,TRUE
498,Passive-aggressive Post-it notes.,,,NULL,f,t,1.2,TRUE
216,Passive-agression.,,,NULL,t,f,1.1,TRUE
217,Paying the iron price.,,,NULL,f,f,X3,TRUE
371,PCP.,,,NULL,t,f,1.1,TRUE
263,Pedophiles.,,,NULL,t,t,NULL,TRUE
451,Peeing a little bit.,,,NULL,t,t,NULL,TRUE
122,Penis envy.,,,NULL,t,t,NULL,TRUE
221,Picking up girls at the abortion clinic.,,,NULL,t,t,NULL,TRUE
6,Pictures of boobs.,,,NULL,t,t,NULL,TRUE
1120,Pistol-whipping a hostage.,,,NULL,f,f,X1,TRUE
163,Pixelated bukkake.,,,NULL,t,t,NULL,TRUE
360,Police brutality.,,,NULL,t,t,NULL,TRUE
193,Pooping back and forth. Forever.,,,NULL,t,t,NULL,TRUE
489,Poor life choices.,,,NULL,f,t,1.2,TRUE
197,Poor people.,,,NULL,t,t,NULL,TRUE
255,Poorly-timed Holocaust jokes.,,,NULL,t,t,NULL,TRUE
407,Porn stars.,,,NULL,t,t,NULL,TRUE
1016,Poutine.,,,NULL,f,f,CAN,TRUE
1243,Power.,,,NULL,f,f,X2,TRUE
443,Powerful thighs.,,,NULL,t,t,NULL,TRUE
315,Prancing.,,,NULL,t,t,NULL,TRUE
40,Praying the gay away.,,,NULL,t,t,NULL,TRUE
41,Press (down)(down)(back)(forward)(B) to unleash ____.,0,1,NULL,f,f,X3,FALSE
159,Preteens.,,,NULL,t,t,NULL,TRUE
83,Pretending to care.,,,NULL,t,t,NULL,TRUE
1228,Pretty Pretty Princess Dress-Up Board Game®.,,,NULL,f,f,X2,TRUE
258,Pterodactyl eggs.,,,NULL,t,t,NULL,TRUE
395,Puberty.,,,NULL,t,t,NULL,TRUE
297,Public ridicule.,,,NULL,t,t,NULL,TRUE
220,Pulling out.,,,NULL,t,t,NULL,TRUE
1202,Pumping out a baby every nine months.,,,NULL,f,f,X2,TRUE
1203,Punching a tree to gather wood.,,,NULL,f,f,X3,TRUE
319,Puppies!,,,NULL,t,t,NULL,TRUE
320,Putting an entire peanut buter and jelly sandwich into the VCR.,,,NULL,f,f,X3,TRUE
387,Queefing.,,,NULL,t,t,NULL,TRUE
1121,Quiche.,,,NULL,f,f,X1,TRUE
1122,Quivering jowls.,,,NULL,f,f,X1,TRUE
406,Racially-biased SAT questions.,,,NULL,t,t,NULL,TRUE
365,Racism.,,,NULL,t,t,NULL,TRUE
262,Raping and pillaging.,,,NULL,t,t,NULL,TRUE
84,Raptor attacks.,,,NULL,t,t,NULL,TRUE
162,Re-gifting.,,,NULL,t,t,NULL,TRUE
292,Repression.,,,NULL,t,t,NULL,TRUE
276,Republicans.,,,NULL,t,t,NULL,TRUE
1123,Revenge fucking.,,,NULL,f,f,X1,TRUE
1319,Reverse cowgirl.,,,NULL,f,f,X3,TRUE
343,Riding off into the sunset.,,,NULL,t,t,NULL,TRUE
353,Ring Pops™.,,,NULL,t,f,1.1,TRUE
1124,Ripping into a man's chest and pulling out his still-beating heart.,,,NULL,f,f,X1,TRUE
1195,Rising from the grave.,,,NULL,f,f,X2,TRUE
293,Road head.,,,NULL,t,t,NULL,TRUE
249,"Robert Downey, Jr.",,,NULL,t,t,NULL,TRUE
189,RoboCop.,,,NULL,t,t,NULL,TRUE
1355,"Roland the Farter, flatulist to the king.",,,NULL,f,f,X3,TRUE
217,Ronald Reagan.,,,NULL,t,t,NULL,TRUE
19,Roofies.,,,NULL,t,t,NULL,TRUE
20,Rotating shapes in mid-air so that they fit into other shapes when they fall.,,,NULL,f,f,X3,TRUE
84,Rumor has it that Vladimir Putin's favorite dish is _____ stuffed with _____.,0,2,NULL,t,t,NULL,FALSE
85,"Running naked through a mall, pissing and shitting everywhere.",,,NULL,f,f,X3,TRUE
86,Running out of stamina.,,,NULL,f,f,X3,TRUE
1125,Ryan Gosling riding in on a white horse.,,,NULL,f,f,X1,TRUE
41,Same-sex ice dancing.,,,NULL,t,t,NULL,TRUE
42,Samuel L. Jackson.,,,NULL,f,f,X3,TRUE
1126,Santa Claus.,,,NULL,f,f,X1,TRUE
286,Sarah Palin.,,,NULL,t,t,NULL,TRUE
237,Saxophone solos.,,,NULL,t,t,NULL,TRUE
233,Scalping.,,,NULL,t,t,NULL,TRUE
1029,Schmirler the Curler.,,,NULL,f,f,CAN,TRUE
1049,Science will never explain the origin of ____.,0,1,NULL,f,f,X1,FALSE
39,Science.,,,NULL,t,t,NULL,TRUE
358,Scientology.,,,NULL,t,t,NULL,TRUE
359,Screaming like a maniac.,,,NULL,f,f,X3,TRUE
1198,Scrotal frostbite.,,,NULL,f,f,X2,TRUE
1127,Scrotum tickling.,,,NULL,f,f,X1,TRUE
138,Scrubbing under the folds.,,,NULL,t,t,NULL,TRUE
238,Sean Connery.,,,NULL,t,t,NULL,TRUE
76,Sean Penn.,,,NULL,t,t,NULL,TRUE
251,Seduction.,,,NULL,t,t,NULL,TRUE
252,Self-flagellation.,,,NULL,f,f,X3,TRUE
12,Self-loathing.,,,NULL,t,t,NULL,TRUE
155,Seppuku.,,,NULL,t,t,NULL,TRUE
447,Serfdom.,,,NULL,t,t,NULL,TRUE
101,Sexting.,,,NULL,t,t,NULL,TRUE
1128,Sexual humiliation.,,,NULL,f,f,X1,TRUE
400,Sexual tension.,,,NULL,t,t,NULL,TRUE
71,Sexy pillow fights.,,,NULL,t,t,NULL,TRUE
1129,Sexy Siamese twins.,,,NULL,f,f,X1,TRUE
1083,Shaft.,,,NULL,f,f,X1,TRUE
478,Shapeshifters.,,,NULL,f,t,1.2,TRUE
346,Shaquille O'Neal's acting career.,,,NULL,t,t,NULL,TRUE
108,Sharing needles.,,,NULL,t,t,NULL,TRUE
1385,Sharpening a foam broadsword on a foam whetstone.,,,NULL,f,f,X3,TRUE
313,Shorties and blunts.,,,NULL,t,f,1.1,TRUE
1311,Shutting the fuck up.,,,NULL,f,f,X3,TRUE
106,Skeletor.,,,NULL,t,t,NULL,TRUE
107,Slapping a racist old lady.,,,NULL,f,f,X3,TRUE
1130,Slow motion.,,,NULL,f,f,X1,TRUE
252,Smallpox blankets.,,,NULL,t,t,NULL,TRUE
253,Smashing all the pottery in a Pottery Barn in search of rupees.,,,NULL,f,f,X3,TRUE
27,Smegma.,,,NULL,t,t,NULL,TRUE
1383,"Sneezing, farting, and coming at the same time.",,,NULL,f,f,X3,TRUE
91,Sniffing glue.,,,NULL,t,t,NULL,TRUE
1028,Snotsicles.,,,NULL,f,f,CAN,TRUE
350,Sobbing into a Hungry-Man® Frozen Dinner.,,,NULL,t,f,1.1,TRUE
134,Soiling oneself.,,,NULL,t,t,NULL,TRUE
135,Some douche with an acoustic guitar.,,,NULL,f,f,X3,TRUE
136,Some kind of bird-man.,,,NULL,f,f,X3,TRUE
1193,Some really fucked-up shit.,,,NULL,f,f,X2,TRUE
467,Soup that is too hot.,,,NULL,f,t,1.2,TRUE
1131,Space muffins.,,,NULL,f,f,X1,TRUE
1238,"Special musical guest, Cher.",,,NULL,f,f,X2,TRUE
13,Spectacular abs.,,,NULL,t,t,NULL,TRUE
1339,Spending lots of money.,,,NULL,f,f,X3,TRUE
1391,Spending the year’s insulin budget on Warhammer 40k figurines.,,,NULL,f,f,X3,TRUE
136,Sperm whales.,,,NULL,t,t,NULL,TRUE
112,Spontaneous human combustion.,,,NULL,t,t,NULL,TRUE
1220,Spring break!,,,NULL,f,f,X2,TRUE
1132,Statistically validated stereotypes.,,,NULL,f,f,X1,TRUE
97,Step 1: _____. Step 2: _____. Step 3: Profit.,0,2,NULL,f,t,1.2,FALSE
1013,Stephen Harper.,,,NULL,f,f,CAN,TRUE
300,Stephen Hawking talking dirty.,,,NULL,t,t,NULL,TRUE
121,Stifling a giggle at the mention of Hutus and Tutsis.,,,NULL,t,t,NULL,TRUE
1040,Stormtroopers.,,,NULL,f,f,B,TRUE
37,Stranger danger.,,,NULL,t,t,NULL,TRUE
67,Studies show that lab rats navigate mazes 50% faster after being exposed to _____.,0,1,NULL,t,t,NULL,FALSE
64,Stunt doubles.,,,NULL,t,f,1.1,TRUE
1194,Subduing a grizzly bear and making her your wife.,,,NULL,f,f,X2,TRUE
164,Substitute teachers.,,,NULL,t,f,1.1,TRUE
1133,Sudden Poop Explosion Disease.,,,NULL,f,f,X1,TRUE
1088,Suicidal thoughts.,,,NULL,f,f,X1,TRUE
97,Sunshine and rainbows.,,,NULL,t,t,NULL,TRUE
367,Surprise sex!,,,NULL,t,t,NULL,TRUE
1212,Survivor's guilt.,,,NULL,f,f,X2,TRUE
191,"Sweet, sweet vengeance.",,,NULL,t,t,NULL,TRUE
1189,Swiftly achieving orgasm.,,,NULL,f,f,X2,TRUE
487,Switching to Geico®.,,,NULL,f,t,1.2,TRUE
374,Swooping.,,,NULL,t,t,NULL,TRUE
1027,Syrupy sex with a maple tree.,,,NULL,f,f,CAN,TRUE
165,Take-backsies.,,,NULL,t,t,NULL,TRUE
1197,Taking a man's eyes and balls out and putting his eyes where his balls go and then his balls in the eye holes.,,,NULL,f,f,X2,TRUE
181,Taking off your shirt.,,,NULL,t,t,NULL,TRUE
339,Tangled Slinkys.,,,NULL,t,t,NULL,TRUE
414,Tasteful sideboob.,,,NULL,t,t,NULL,TRUE
137,Teaching a robot to love.,,,NULL,t,t,NULL,TRUE
291,Team-building exercises.,,,NULL,t,t,NULL,TRUE
475,Teenage pregnancy.,,,NULL,f,t,1.2,TRUE
376,Tentacle porn.,,,NULL,t,t,NULL,TRUE
1019,Terry Fox's prosthetic leg.,,,NULL,f,f,CAN,TRUE
1001,test,0,1,NULL,f,f,NULL,FALSE
226,Testicular torsion.,,,NULL,t,t,NULL,TRUE
1002,testtest,,,NULL,f,f,NULL,TRUE
1309,That ass.,,,NULL,f,f,X3,TRUE
190,That one gay Teletubby.,,,NULL,t,f,1.1,TRUE
200,That thing that electrocutes your abs.,,,NULL,t,t,NULL,TRUE
89,"That's right, I killed _____. How, you ask? _____.",0,2,NULL,t,t,NULL,FALSE
180,The American Dream.,,,NULL,t,t,NULL,TRUE
427,The Amish.,,,NULL,t,t,NULL,TRUE
22,The Big Bang.,,,NULL,t,t,NULL,TRUE
23,The blind date was going horribly until we discovered our shared interest in ____.,0,1,NULL,f,f,X3,FALSE
270,The Blood of Christ.,,,NULL,t,t,NULL,TRUE
1134,The boners of the elderly.,,,NULL,f,f,X1,TRUE
1041,The Boy Scouts of America.,,,NULL,f,f,B,TRUE
479,The Care Bear Stare.,,,NULL,f,t,1.2,TRUE
115,The Chinese gymnastics team.,,,NULL,t,t,NULL,TRUE
481,The chronic.,,,NULL,f,t,1.2,TRUE
1046,The CIA now interrogates enemy agents by repeatedly subjecting them to ____.,0,1,NULL,f,f,X1,FALSE
61,The class field trip was completely ruined by _____.,0,1,NULL,t,t,NULL,FALSE
79,The clitoris.,,,NULL,t,t,NULL,TRUE
1209,The corporations.,,,NULL,f,f,X2,TRUE
436,The Dance of the Sugar Plum Fairy.,,,NULL,t,t,NULL,TRUE
1250,The day the birds attacked.,,,NULL,f,f,X2,TRUE
281,The deformed.,,,NULL,t,f,1.1,TRUE
1387,The depression that ensues after catching ‘em all.,,,NULL,f,f,X3,TRUE
507,The Donald Trump Seal of Approval™.,,,NULL,f,t,1.2,TRUE
1135,The economy.,,,NULL,f,f,X1,TRUE
1331,The entire Internet.,,,NULL,f,f,X3,TRUE
1037,The entire Mormon Tabernacle Choir.,,,NULL,f,f,B,TRUE
1012,The Famous Five.,,,NULL,f,f,CAN,TRUE
1136,The Fanta® girls.,,,NULL,f,f,X1,TRUE
1038,The female orgasm.,,,NULL,f,f,B,TRUE
1162,"The Five Stages of Grief: denial, anger, bargaining, ____, acceptance.",0,1,NULL,f,f,X2,FALSE
1020,The FLQ.,,,NULL,f,f,CAN,TRUE
201,The folly of man.,,,NULL,t,t,NULL,TRUE
398,The forbidden fruit.,,,NULL,t,t,NULL,TRUE
458,The Force.,,,NULL,t,t,NULL,TRUE
1141,The four arms of Vishnu.,,,NULL,f,f,X1,TRUE
357,The gays.,,,NULL,t,t,NULL,TRUE
277,The glass ceiling.,,,NULL,t,t,NULL,TRUE
1227,The Google.,,,NULL,f,f,X2,TRUE
1241,The grey nutrient broth that sustains Mitt Romney.,,,NULL,f,f,X2,TRUE
1137,The Gulags.,,,NULL,f,f,X1,TRUE
375,The Hamburglar.,,,NULL,t,t,NULL,TRUE
209,The hardworking Mexican.,,,NULL,t,t,NULL,TRUE
1369,The Harlem Globetrotters.,,,NULL,f,f,X3,TRUE
1138,The harsh light of day.,,,NULL,f,f,X1,TRUE
1175,The healing process began when I joined a support group for victims of ____.,0,1,NULL,f,f,X2,FALSE
250,The heart of a child.,,,NULL,t,t,NULL,TRUE
1139,The hiccups.,,,NULL,f,f,X1,TRUE
223,The Holy Bible.,,,NULL,t,t,NULL,TRUE
222,The homosexual agenda.,,,NULL,t,t,NULL,TRUE
1239,The human body.,,,NULL,f,f,X2,TRUE
452,The Hustle.,,,NULL,t,t,NULL,TRUE
206,The inevitable heat death of the universe.,,,NULL,t,t,NULL,TRUE
65,The invisible hand.,,,NULL,t,t,NULL,TRUE
330,The Jews.,,,NULL,t,t,NULL,TRUE
153,The KKK.,,,NULL,t,t,NULL,TRUE
1395,The Klobb.,,,NULL,f,f,X3,TRUE
382,The Kool-Aid Man.,,,NULL,t,t,NULL,TRUE
1361,The Land of Chocolate.,,,NULL,f,f,X3,TRUE
492,The Little Engine That Could.,,,NULL,f,t,1.2,TRUE
460,The Make-A-Wish® Foundation.,,,NULL,t,t,NULL,TRUE
1182,The mere concept of Applebee's®.,,,NULL,f,f,X2,TRUE
227,The milk man.,,,NULL,t,t,NULL,TRUE
421,The miracle of childbirth.,,,NULL,t,t,NULL,TRUE
1196,The mixing of the races.,,,NULL,f,f,X2,TRUE
1347,"The moist, demanding chasm of his mouth.",,,NULL,f,f,X3,TRUE
1229,The new Radiohead album.,,,NULL,f,f,X2,TRUE
1018,The Official Languages Act. La Loi sur les langues officielles.,,,NULL,f,f,CAN,TRUE
248,The People's Elbow.,,,NULL,t,f,1.1,TRUE
53,The placenta.,,,NULL,t,t,NULL,TRUE
31,The Pope.,,,NULL,t,t,NULL,TRUE
32,"The primal, ball-slapping sex your parents are having right now.",,,NULL,f,f,X3,TRUE
54,The profoundly handicapped.,,,NULL,t,t,NULL,TRUE
55,The Quesadilla Explosion Salad from Chili’s.,,,NULL,f,f,X3,TRUE
187,The Rapture.,,,NULL,t,t,NULL,TRUE
24,"The Rev. Dr. Martin Luther King, Jr.",,,NULL,t,t,NULL,TRUE
25,The rocket launcher.,,,NULL,f,f,X3,TRUE
1014,The Royal Canadian Mounted Police.,,,NULL,f,f,CAN,TRUE
1140,The shambling corpse of Larry King.,,,NULL,f,f,X1,TRUE
1054,The socialist governments of Scandinavia have declared that access to ____ is a basic human right.,0,1,NULL,f,f,X1,FALSE
90,The South.,,,NULL,t,t,NULL,TRUE
1327,The systematic destruction of an entire people and their way of life.,,,NULL,f,f,X3,TRUE
241,The taint; the grundle; the fleshy fun-bridge.,,,NULL,t,t,NULL,TRUE
167,The Tempur-Pedic® Swedish Sleep System™.,,,NULL,t,t,NULL,TRUE
42,The terrorists.,,,NULL,t,t,NULL,TRUE
1379,The thin veneer of situational causality that underlies porn.,,,NULL,f,f,X3,TRUE
341,The Thong Song.,,,NULL,t,f,1.1,TRUE
72,The Three-Fifths compromise.,,,NULL,t,t,NULL,TRUE
160,The token minority.,,,NULL,t,t,NULL,TRUE
418,The Trail of Tears.,,,NULL,t,t,NULL,TRUE
508,The true meaning of Christmas.,,,NULL,f,t,1.2,TRUE
284,The Übermensch.,,,NULL,t,t,NULL,TRUE
82,The Underground Railroad.,,,NULL,t,t,NULL,TRUE
10,The violation of our most basic human rights.,,,NULL,t,t,NULL,TRUE
362,The Virginia Tech Massacre.,,,NULL,t,t,NULL,TRUE
1176,"The votes are in, and the new high school mascot is ____.",0,1,NULL,f,f,X2,FALSE
1177,The way white people is.,,,NULL,f,f,X3,TRUE
235,The World of Warcraft.,,,NULL,t,t,NULL,TRUE
401,Third base.,,,NULL,t,t,NULL,TRUE
288,This answer is postmodern.,,,NULL,t,f,1.1,TRUE
6,This is the way the world ends / This is the way the world ends / This is the way the world ends / Not with a bang but with _____.,0,1,NULL,t,t,NULL,FALSE
1160,This is your captain speaking. Fasten your seatbelts and prepare for ____.,0,1,NULL,f,f,X2,FALSE
1166,"This month's Cosmo: ""Spice up your sex life by bringing ____ into the bedroom.""",0,1,NULL,f,f,X2,FALSE
1057,"This season on Man vs. Wild, Bear Grylls must survive in the depths of the Amazon with only ____ and his wits.",0,1,NULL,f,f,X1,FALSE
403,Those times when you get sand in your vagina.,,,NULL,t,f,1.1,TRUE
1359,Three months in the hole.,,,NULL,f,f,X3,TRUE
1042,Throwing a virgin into a volcano.,,,NULL,f,f,B,TRUE
363,Tiger Woods.,,,NULL,t,f,1.1,TRUE
1242,Tiny nipples.,,,NULL,f,f,X2,TRUE
1243,"To prepare for his upcoming role, Daniel Day-Lewis immersed himself in the world of ____.",0,1,NULL,f,f,X3,FALSE
55,Tom Cruise.,,,NULL,t,t,NULL,TRUE
1203,Tongue.,,,NULL,f,f,X2,TRUE
144,Toni Morrison's vagina.,,,NULL,t,t,NULL,TRUE
1179,Tonight on 20/20: What you don't know about ____ could kill you.,0,1,NULL,f,f,X2,FALSE
378,Too much hair gel.,,,NULL,t,t,NULL,TRUE
1143,Tripping balls.,,,NULL,f,f,X1,TRUE
8,TSA guidelines now prohibit _____ on airplanes.,0,1,NULL,t,t,NULL,FALSE
9,Turns out that ____-Man was neither the hero we needed nor wanted.,0,1,NULL,f,f,X3,FALSE
21,Tweeting.,,,NULL,t,f,1.1,TRUE
483,Tweeting.,,,NULL,f,t,1.2,TRUE
130,Twinkies®.,,,NULL,t,f,1.1,TRUE
396,Two midgets shitting into a bucket.,,,NULL,t,t,NULL,TRUE
469,Unfathomable stupidity.,,,NULL,f,t,1.2,TRUE
1349,"Unlimited soup, salad, and breadsticks.",,,NULL,f,f,X3,TRUE
1205,Upgrading homeless people to mobile hotspots.,,,NULL,f,f,X2,TRUE
119,Uppercuts.,,,NULL,t,t,NULL,TRUE
218,Vehicular manslaughter.,,,NULL,t,t,NULL,TRUE
1351,Velcro.,,,NULL,f,f,X3,TRUE
1397,Vespene gas.,,,NULL,f,f,X3,TRUE
11,Viagra®.,,,NULL,t,t,NULL,TRUE
1323,Vietnam flashbacks.,,,NULL,f,f,X3,TRUE
495,Vigilante justice.,,,NULL,f,t,1.2,TRUE
4,Vigorous jazz hands.,,,NULL,t,t,NULL,TRUE
80,Vikings.,,,NULL,t,t,NULL,TRUE
81,Violating the First Law of Robotics.,,,NULL,f,f,X3,TRUE
82,Vomiting mid-blowjob.,,,NULL,f,f,X3,TRUE
168,Waiting 'til marriage.,,,NULL,t,t,NULL,TRUE
211,Waking up half-naked in a Denny's parking lot.,,,NULL,t,t,NULL,TRUE
34,War! What is it good for?,0,1,NULL,t,t,NULL,FALSE
1325,"Warm, velvety muppet sex.",,,NULL,f,f,X3,TRUE
78,Waterboarding.,,,NULL,t,t,NULL,TRUE
1192,Weapons-grade plutonium.,,,NULL,f,f,X2,TRUE
1206,Wearing an octopus for a hat.,,,NULL,f,f,X2,TRUE
275,Wearing underwear inside-out to avoid doing laundry.,,,NULL,t,t,NULL,TRUE
63,What am I giving up for Lent?,0,1,NULL,t,t,NULL,FALSE
39,What are my parents hiding from me?,0,1,NULL,t,t,NULL,FALSE
1064,What brought the orgy to a grinding halt?,0,1,NULL,f,f,X1,FALSE
38,What did I bring back from Mexico?,0,1,NULL,t,t,NULL,FALSE
43,What did the U.S. airdrop to the children of Afghanistan?,0,1,NULL,t,t,NULL,FALSE
73,What did Vin Diesel eat for dinner?,0,1,NULL,t,t,NULL,FALSE
62,What do old people smell like?,0,1,NULL,t,t,NULL,FALSE
22,What does Dick Cheney prefer?,0,1,NULL,t,t,NULL,FALSE
48,What don't you want to find in your Chinese food?,0,1,NULL,t,t,NULL,FALSE
9,What ended my last relationship?,0,1,NULL,t,t,NULL,FALSE
75,What gets better with age?,0,1,NULL,t,t,NULL,FALSE
58,What gives me uncontrollable gas?,0,1,NULL,t,t,NULL,FALSE
1061,What has been making life difficult at the nudist colony?,0,1,NULL,f,f,X1,FALSE
40,What helps Obama unwind?,0,1,NULL,t,t,NULL,FALSE
7,What is Batman's guilty pleasure?,0,1,NULL,t,t,NULL,FALSE
8,What left this stain on my couch?,0,1,NULL,f,f,X3,FALSE
56,What never fails to liven up the party?,0,1,NULL,t,t,NULL,FALSE
36,What will always get you laid?,0,1,NULL,t,t,NULL,FALSE
49,What will I bring back in time to convince people that I am a powerful wizard?,0,1,NULL,t,t,NULL,FALSE
42,"What would grandma find disturbing, yet oddly charming?",0,1,NULL,t,t,NULL,FALSE
3,What's a girl's best friend?,0,1,NULL,t,t,NULL,FALSE
77,What's my anti-drug?,0,1,NULL,t,t,NULL,FALSE
59,What's my secret power?,0,1,NULL,t,t,NULL,FALSE
70,What's Teach for America using to inspire inner city students to succeed?,0,1,NULL,t,t,NULL,FALSE
4,What's that smell?,0,1,NULL,t,t,NULL,FALSE
15,What's that sound?,0,1,NULL,t,t,NULL,FALSE
1008,What's the Canadian government using to inspire rural students to succeed?,0,1,NULL,f,f,CAN,FALSE
71,What's the crustiest?,0,1,NULL,t,t,NULL,FALSE
1056,What's the gift that keeps on giving?,0,1,NULL,f,f,X1,FALSE
25,What's the most emo?,0,1,NULL,t,t,NULL,FALSE
44,What's the new fad diet?,0,1,NULL,t,t,NULL,FALSE
17,What's the next Happy Meal® toy?,0,1,NULL,t,t,NULL,FALSE
27,What's the next superhero?,0,1,NULL,t,f,1.1,FALSE
93,What's the next superhero/sidekick duo?,0,2,NULL,f,t,1.2,FALSE
41,What's there a ton of in heaven?,0,1,NULL,t,t,NULL,FALSE
1050,"When all else fails, I can always masturbate to ____.",0,1,NULL,f,f,X1,FALSE
47,"When I am a billionare, I shall erect a 50-foot statue to commemorate _____.",0,1,NULL,t,t,NULL,FALSE
45,"When I am the President of the United States, I will create the Department of _____.",0,1,NULL,t,t,NULL,FALSE
1058,"When I pooped, what came out of my butt?",0,1,NULL,f,f,X1,FALSE
88,"When I was tripping on acid, _____ turned into _____.",0,2,NULL,t,t,NULL,FALSE
37,"When I'm in prison, I'll have _____ smuggled in.",0,1,NULL,t,f,1.1,FALSE
60,"When Pharaoh remained unmoved, Moses called down a plague of _____.",0,1,NULL,t,t,NULL,FALSE
410,When you fart and a little bit comes out.,,,NULL,t,t,NULL,TRUE
411,"When you get right down to it, ____ is just ____.",0,2,NULL,f,f,X3,FALSE
53,"While the United States raced the Soviet Union to the moon, the Mexican government funneled millions of pesos into research on _____.",0,1,NULL,t,t,NULL,FALSE
1201,Whining like a little bitch.,,,NULL,f,f,X2,TRUE
1234,Whipping a disobedient slave.,,,NULL,f,f,X2,TRUE
140,Whipping it out.,,,NULL,t,t,NULL,TRUE
31,White people like _____.,0,1,NULL,t,t,NULL,FALSE
124,White people.,,,NULL,t,t,NULL,TRUE
392,White privilege.,,,NULL,t,t,NULL,TRUE
16,Who stole the cookies from the cookie jar?,0,1,NULL,t,f,1.1,FALSE
76,Why am I sticky?,0,1,NULL,t,t,NULL,FALSE
1,Why can't I sleep at night?,0,1,NULL,t,t,NULL,FALSE
66,Why do I hurt all over?,0,1,NULL,t,t,NULL,FALSE
397,Wifely duties.,,,NULL,t,t,NULL,TRUE
398,Wil Wheaton crashing an actual spaceship.,,,NULL,f,f,X3,TRUE
143,Will Smith.,,,NULL,t,f,1.1,TRUE
50,William Shatner.,,,NULL,t,t,NULL,TRUE
332,Winking at old people.,,,NULL,t,t,NULL,TRUE
386,Wiping her butt.,,,NULL,t,t,NULL,TRUE
387,"With enough time and pressure, ____ will turn into ____.",0,2,NULL,f,f,X3,FALSE
441,Women in yogurt commercials.,,,NULL,t,t,NULL,TRUE
433,Women's suffrage.,,,NULL,t,t,NULL,TRUE
1144,"Words, words, words.",,,NULL,f,f,X1,TRUE
224,World peace.,,,NULL,t,t,NULL,TRUE
127,Yeast.,,,NULL,t,t,NULL,TRUE
128,You have been waylaid by ____ and must defend yourself.,0,1,NULL,f,f,X3,FALSE
1180,You haven't truly lived until you've experienced ____ and ____ at the same time.,0,2,NULL,f,f,X2,FALSE
98,YOU MUST CONSTRUCT ADDITIONAL PYLONS.,,,NULL,t,t,NULL,TRUE
1145,Zeus's sexual appetites.,,,NULL,f,f,X1,TRUE